row_index,original_standard_number,reason
611,IS/ISO 12460-1:2007,Format not recognized by normalizer
735,IS 12235 (Part 1 to 19):2004,Format not recognized by normalizer
838,IS 4020 (Part 1 to 16):1998,Format not recognized by normalizer
848,IS 7779 (Part 5/Sec 1 to 3):1997,Format not recognized by normalizer
856,IS 14399 (Part 1 and 2):1996,Format not recognized by normalizer
858,IS 14396 (Part 1 to 4):1996,Format not recognized by normalizer
862,IS 7779 (Part 4/Sec 1 to 3):1996,Format not recognized by normalizer
928,SP 57 (QAWSM):1993,Format not recognized by normalizer
1110,IS H3583:1988,Format not recognized by normalizer
1227,SP 32 (S&T):1986,Format not recognized by normalizer
1234,IS 1708 (Part 1 to 18):1986,Format not recognized by normalizer
1297,SP 1650 Supplement:1973,Format not recognized by normalizer
1470,IS 2542 (Part 2/Sec 1 to 8):1981,Format not recognized by normalizer
1537,IS 9307 (Part 1 to 8):1979,Format not recognized by normalizer
1632,IS):7779 ( (Part 1/Sec 1)):1975,Format not recognized by normalizer
1851,IS 1734 (Part 1 to 20):1983,Format not recognized by normalizer
1854,IS 2542 (Part 1/Sec 1 to 12):1978,Format not recognized by normalizer
1874,IS 2380 (Part 1 to 21):1977,Format not recognized by normalizer
1875,IS 2713 (Part 1 to 3):1980,Format not recognized by normalizer
1880,SP 25(S&T):1984,Format not recognized by normalizer
1881,SP 35 (S&T):1987,Format not recognized by normalizer
1882,SP 41 (S&T):1987,Format not recognized by normalizer
1883,SP 43 (S&T):1987,Format not recognized by normalizer
1885,SP 20 (S&T):1991,Format not recognized by normalizer
1886,SP 64 (S & T):2001,Format not recognized by normalizer
